,Date,Route,Time,Day,Location,Incident,Min Delay,Min Gap,Direction,Fleet
159,1/3/21,62,15:20,Sunday,MAIN STREET STATION,Cleaning,15,30,W,3138
213,1/4/21,67,11:20,Monday,VICTORIA PARK STATION,Cleaning,15,30,N,8934
232,1/4/21,24,13:50,Monday,VICTORIA PARK STATION,Cleaning,10,20,N,8580
269,1/4/21,83,20:17,Monday,COMMISSIONERS AND LAKE,Mechanical,20,40,S,8502
480,1/6/21,21,15:46,Wednesday,SCARBOROUGH CENTRE STA,Cleaning,9,18,S,3508
536,1/7/21,60,07:37,Thursday,STEELES AND BATHURST,Mechanical,8,16,W,3316
910,1/11/21,122,10:38,Monday,YORK MILLS STATION,Cleaning,17,34,W,8146
1233,1/14/21,160,12:59,Thursday,BATHURST AND CODSELL,Cleaning,25,50,N,1321
1264,1/14/21,34,19:10,Thursday,KENNEDY STATION,Mechanical,6,13,W,8946
1476,1/17/21,39,14:00,Sunday,SEWELLS AND CROW TRAIL,Cleaning,16,32,E,1579
1480,1/17/21,39,14:05,Sunday,FINCH AND NEILSON,Cleaning,16,32,E,3466
1569,1/18/21,7,17:15,Monday,BATHURST AND STEELES,Cleaning,8,16,N,9012
1717,1/20/21,985,07:18,Wednesday,DON MILLS STATION,Mechanical,6,12,E,9068
1777,1/20/21,11,14:51,Wednesday,DAVISVILLE STATION,Cleaning,13,26,S,8175
1829,1/21/21,939,08:52,Thursday,FINCH STATION,Mechanical,7,14,W,1306
2234,1/25/21,34,17:39,Monday,KENNEDY STATION,Cleaning,7,13,W,8891
2424,1/27/21,96,11:42,Wednesday,WILSON AND BATHURST,Operations - Operator,24,48,W,3312
2474,1/27/21,63,16:49,Wednesday,OSSINGTON STATION,Mechanical,5,10,N,8332
2477,1/27/21,7,18:10,Wednesday,BATHURST AND STEELES,Mechanical,9,18,N,9014
3678,2/10/21,134,12:09,Wednesday,FINCHDENE AND FINCH,Mechanical,13,26,N,3417
3834,2/12/21,133,09:45,Friday,SCARBOROUGH CENTRE STA,Cleaning,11,22,N,3522
4151,2/16/21,300,03:47,Tuesday,KENNEDY STATION,General Delay,25,55,W,7969
4257,2/16/21,15,16:43,Tuesday,ROYAL YORK AND QUEENSW,Mechanical,14,28,S,7925
4342,2/17/21,53,10:40,Wednesday,PASSMORE AND MARKHAM,Cleaning,13,19,W,3511
4866,2/22/21,9,18:09,Monday,BELLAMY AND PROGRESS,Mechanical,18,36,S,8539
4880,2/23/21,32,06:00,Tuesday,EGLINTON AND DYNEVOR,Mechanical,7,14,E,1101
5029,2/24/21,85,10:42,Wednesday,MEADOWVALE LOOP,Cleaning,8,23,E,3541
5258,2/25/21,95,14:21,Thursday,YORK MILLS AND DON MIL,Mechanical,19,38,E,3427
5377,2/26/21,925,10:17,Friday,DON MILLS STATION,Cleaning,12,24,N,8723
6687,3/6/21,36,13:02,Saturday,FINCH AND WESTON,Cleaning,5,9,E,3215
7296,3/10/21,47,13:52,Wednesday,LANSDOWNE AND ST CLAIR,Cleaning,9,18,S,1030
7322,3/10/21,35,15:24,Wednesday,PIONEER VILLAGE STATIO,Cleaning,11,22,S,3299
7710,3/12/21,70,13:50,Friday,COXWELL STATION,Cleaning,22,44,N,8659
7806,3/13/21,22,13:38,Saturday,COXWELL STATION,Cleaning,8,16,S,9225
7969,3/15/21,24,09:20,Monday,VICTORIA PARK STATION,Cleaning,10,20,N,9217
8601,3/18/21,60,15:22,Thursday,FINCH STATION,Operations - Operator,10,20,W,0
8691,3/18/21,39,20:56,Thursday,FINCH AND BIRCHMOUNT,Road Blocked - NON-TTC Collision,19,36,E,1392
8832,3/19/21,92,15:32,Friday,WOODBINE STATION,Operations - Operator,9,18,S,8559
8887,3/19/21,25,18:39,Friday,PAPE STATION,Operations - Operator,5,10,N,8774
8938,3/20/21,24,11:09,Saturday,VICTORIA PARK AND MCNI,Operations - Operator,8,15,N,9223
8957,3/20/21,70,13:36,Saturday,COXWELL STATION,Operations - Operator,21,42,E,8647
9077,3/21/21,12,17:57,Sunday,VICTORIA PARK STATION,Cleaning,17,34,E,8559
9084,3/21/21,16,19:08,Sunday,WARDEN STATION,Operations - Operator,24,45,N,3160
9086,3/21/21,8,19:15,Sunday,PLAINS AND COXWELL,Cleaning,30,60,S,8605
9089,3/21/21,20,19:35,Sunday,MAIN STREET STATION,Cleaning,30,60,W,8575
9090,3/21/21,20,19:35,Sunday,KENNEDY STATION,Cleaning,30,60,W,8500
9096,3/21/21,22,20:30,Sunday,BINGHAM LOOP,Cleaning,10,20,N,3163
9120,3/22/21,132,05:21,Monday,MALVERN GARAGE,Mechanical,24,48,nan,3415
9158,3/22/21,133,10:29,Monday,SCARBOROUGH CENTRE STA,Cleaning,11,22,S,3440
9174,3/22/21,60,11:57,Monday,PIONEER VILLAGE STATIO,Cleaning,5,11,E,3504
9557,3/25/21,117,06:47,Thursday,DUFFERIN AND STEELES,Mechanical,10,20,N,8317
9681,3/25/21,111,18:28,Thursday,THE EAST MALL AND RATH,Mechanical,19,38,N,8041
9781,3/26/21,53,11:10,Friday,PASSMORE AND MARKHAM,Cleaning,6,19,E,1676
10052,3/29/21,117,09:40,Monday,SHEPPARD WEST STATION,Cleaning,20,40,W,8175
10068,3/29/21,935,11:00,Monday,PIONEER VILLAGE STATIO,Cleaning,12,24,S,1046
10258,3/30/21,927,15:17,Tuesday,KIPLING STATION,Cleaning,9,18,N,1262
10291,3/30/21,102,17:10,Tuesday,WARDEN STATION,Operations - Operator,23,46,N,1247
10365,3/31/21,35,07:05,Wednesday,JANE AND TRETHEWEY,Mechanical,10,20,N,1083
10419,3/31/21,106,12:20,Wednesday,PIONEER VILLAGE STATIO,Cleaning,20,40,E,8364
11312,4/6/21,32,23:14,Tuesday,RENFORTH STATION,Mechanical,11,22,E,1098
11390,4/7/21,34,13:55,Wednesday,KENNEDY STATION,Cleaning,12,24,E,8642
11541,4/8/21,34,14:05,Thursday,KENNEDY STATION,Cleaning,12,24,E,8727
11663,4/9/21,124,13:00,Friday,LAWRENCE STATION,Cleaning,15,30,E,8389
11756,4/9/21,73,21:08,Friday,ROYAL YORK STATION,Operations - Operator,20,38,S,8427
11998,4/11/21,24,19:31,Sunday,VICTORIA PARK STATION,Cleaning,10,20,N,8616
12191,4/12/21,35,19:38,Monday,PIONEER VILLAGE STATIO,Utilized Off Route,9,17,S,1127
13038,4/18/21,53,13:06,Sunday,FINCH STATION,Cleaning,6,12,N,3100
13651,4/22/21,62,10:39,Thursday,MORTIMER AND WOODBINE,Cleaning,22,44,E,8415
14021,4/24/21,47,21:13,Saturday,YORKDALE STATION,Operations - Operator,20,40,N,8109
14022,4/24/21,47,21:13,Saturday,YORKDALE STATION,Operations - Operator,20,40,N,8109
14125,4/25/21,75,19:26,Sunday,SHERBOURNE STATION,Operations - Operator,20,40,N,8964
14161,4/26/21,52,08:21,Monday,LAWRENCE STATION,Operations - Operator,17,34,E,3709
14234,4/26/21,169,13:56,Monday,SCARBOROUGH CENTRE STA,Operations - Operator,30,60,W,1331
14537,4/28/21,39,09:48,Wednesday,NEILSON AND CROW TRAIL,Cleaning,16,32,E,3341
14715,4/29/21,9,13:28,Thursday,WARDEN STATION,Operations - Operator,26,52,N,8962
14716,4/29/21,9,13:28,Thursday,WARDEN STATION,Operations - Operator,26,52,N,8962
14777,4/29/21,34,19:10,Thursday,KENNEDY STATION,Cleaning,7,14,E,8782
14863,4/30/21,929,11:18,Friday,WILSON STATION,Cleaning,10,20,S,1412
14869,4/30/21,57,11:46,Friday,MIDLAND AND STEELES,Cleaning,13,26,N,3105
15093,5/1/21,7,01:23,Saturday,YONGE AND QUEENS QUAY,Operations - Operator,20,40,N,0
15095,5/1/21,32,01:35,Saturday,YONGE AND EGLINTON,Operations - Operator,12,20,N,0
15100,5/2/21,63,02:25,Sunday,YONGE AND QUEENS QUAY,Operations - Operator,4,7,N,0
15459,5/4/21,34,13:04,Tuesday,KENNEDY STATION,Cleaning,12,24,E,8775
15590,5/5/21,39,09:34,Wednesday,SEWELLS AND LITTLES,Cleaning,15,29,E,3282
16022,5/7/21,43,13:39,Friday,MIDLAND AND STEELES,Cleaning,10,20,S,3239
16081,5/7/21,26,17:46,Friday,DUPONT AND BATHURST,Operations - Operator,24,48,E,8444
16082,5/7/21,26,17:46,Friday,DUPONT AND BATHURST,Operations - Operator,24,48,E,8444
16310,5/9/21,35,18:31,Sunday,JANE AND STANLEY,Operations - Operator,9,18,S,1094
16316,5/9/21,12,20:09,Sunday,VICTORIA PARK STATION,Operations - Operator,17,34,E,8541
16472,5/10/21,902,16:38,Monday,MARKHAM AND SHEPPARD,Operations - Operator,10,20,N,3413
16873,5/12/21,74,17:30,Wednesday,ST CLAIR STATION,Operations - Operator,20,40,S,8670
17478,5/17/21,80,10:05,Monday,SHERWAY GARDENS,Cleaning,30,60,E,8054
17687,5/18/21,96,12:20,Tuesday,WILSON STATION,Cleaning,6,12,W,3537
18279,5/21/21,902,16:38,Friday,MARKHAM AND PROGRESS,Operations - Operator,10,20,S,3412
18285,5/21/21,7,17:00,Friday,BATHURST STATION,Mechanical,10,20,N,9017
18341,5/21/21,63,00:52,Friday,YONGE AND STEELES,Operations - Operator,4,7,S,1260
18343,5/21/21,98,00:54,Friday,YONGE AND STEELES,Operations - Operator,6,13,W,3632
18496,5/23/21,84,20:46,Sunday,BRADSTOCK AND WESTON,Operations - Operator,10,20,E,3515
18850,5/26/21,54,13:52,Wednesday,EGLINTON STATION,Operations - Operator,14,28,E,8751
18851,5/26/21,54,13:52,Wednesday,EGLINTON STATION,Operations - Operator,14,28,E,8751
18863,5/26/21,54,14:19,Wednesday,EGLINTON STATION,Operations - Operator,12,25,E,8758
18864,5/26/21,54,14:19,Wednesday,EGLINTON STATION,Operations - Operator,12,25,E,8758
19069,5/27/21,70,16:30,Thursday,COXWELL STATION,Cleaning,20,40,E,8942
19078,5/27/21,118,17:30,Thursday,WILSON STATION,Operations - Operator,25,50,W,8366
19218,5/28/21,54,15:29,Friday,EGLINTON STATION,Cleaning,14,28,W,8731
19338,5/29/21,54,20:36,Saturday,LAWRENCE EAST STATION,Operations - Operator,22,35,E,8670
19823,6/2/21,986,06:49,Wednesday,EGLINTON AND MARKHAM,Mechanical,5,10,E,1324
20229,6/4/21,133,10:04,Friday,SCARBOROUGH CENTRE STA,Cleaning,11,22,N,1310
20259,6/4/21,133,11:31,Friday,SCARBOROUGH CENTRE STA,Cleaning,11,22,N,1339
20360,6/4/21,104,20:43,Friday,DUFFERIN AND FINCH,Cleaning,18,36,N,8188
20530,6/6/21,42,16:19,Sunday,MCNICOLL AND KENNEDY,Cleaning,20,40,E,3317
21030,6/9/21,35,11:41,Wednesday,JANE STATION,Cleaning,7,15,S,1021
21215,6/10/21,54,12:28,Thursday,EGLINTON STATION,Operations - Operator,14,28,W,8742
21239,6/10/21,11,14:08,Thursday,BAYVIEW AND SHEPPARD,Operations - Operator,13,26,S,8760
21241,6/10/21,34,14:18,Thursday,EGLINTON STATION,Operations - Operator,15,30,E,8671
21254,6/10/21,34,15:28,Thursday,KENNEDY STATION,Operations - Operator,9,18,E,8751
21272,6/10/21,54,16:54,Thursday,LAWRENCE AND WARDEN,Operations - Operator,14,28,W,8809
21666,6/14/21,106,08:48,Monday,SHEPPARD WEST STATION,Cleaning,9,19,S,8302
22222,6/17/21,36,11:00,Thursday,FINCH WEST STATION,Cleaning,5,10,E,3569
22643,6/19/21,11,17:19,Saturday,DAVISVILLE STATION,Operations - Operator,30,60,N,8776
22821,6/21/21,396,02:38,Monday,ISLINGTON STATION,Operations - Operator,30,60,S,8421
22939,6/21/21,109,15:40,Monday,EGLINTON WEST STATION,Operations - Operator,12,24,N,8158
22986,6/21/21,13,20:57,Monday,EGLINTON STATION,Operations - Operator,22,44,S,8168
23109,6/22/21,39,17:29,Tuesday,LITTLES AND OLD FINCH,Cleaning,15,30,E,3331
23182,6/23/21,133,10:29,Wednesday,SCARBOROUGH CENTRE STA,Cleaning,11,22,N,1307
23330,6/24/21,75,09:57,Thursday,SOUTH AND GLEN,Vision,9,18,S,8587
23728,6/26/21,60,17:50,Saturday,STEELES AND DUFFERIN,Cleaning,10,20,W,8157
24043,6/28/21,60,18:01,Monday,FINCH STATION,Cleaning,10,20,W,8173
24277,6/30/21,54,08:41,Wednesday,EGLINTON STATION,Operations - Operator,10,21,E,8800
24316,6/30/21,104,10:20,Wednesday,WILSON STATION,Cleaning,20,40,N,8169
24358,6/30/21,97,13:20,Wednesday,YORK MILLS STATION,Operations - Operator,30,61,S,8394
24371,6/30/21,54,14:06,Wednesday,STARSPRAY LOOP,Operations - Operator,12,24,E,8741
24381,6/30/21,36,14:44,Wednesday,FINCH AND ARROW ROAD,Operations - Operator,5,9,W,9126
24384,6/30/21,54,15:01,Wednesday,LAWRENCE EAST STATION,Operations - Operator,13,25,W,8715
24399,6/30/21,54,15:58,Wednesday,STARSPRAY LOOP,Operations - Operator,13,25,E,8657
24402,6/30/21,46,16:12,Wednesday,KIPLING STATION,Operations - Operator,11,22,N,8083
24408,6/30/21,162,16:28,Wednesday,THE DONWAY EAST AND LA,Operations - Operator,30,60,W,8672
24416,6/30/21,129,17:11,Wednesday,SCARBOROUGH CENTRE STA,Operations - Operator,20,40,S,3329
24426,6/30/21,129,17:37,Wednesday,MAJOR MACKENZIE AND RI,Operations - Operator,20,40,N,3296
24744,7/9/21,501,19:44,Friday,BROADVIEW AND GERRARD,Operations,7,14,E,8406
25278,7/24/21,506,20:13,Saturday,COLLEGE AND LANSDOWNE,Operations,9,18,W,4481
25779,8/7/21,510,15:10,Saturday,SPADINA STATION,Operations,4,8,S,4432
26398,8/21/21,506,13:15,Saturday,COLLEGE AND LANSDOWNE,Operations,8,16,nan,4534
26621,8/27/21,501,15:14,Friday,BROADVIEW AND GERRARD,Operations,8,25,E,8519
26903,9/1/21,94,01:00,Wednesday,WELLESLEY STATION,Utilized Off Route,20,40,W,8474
26969,9/2/21,72,13:08,Thursday,PAPE STATION,General Delay,27,34,S,8558
27348,9/5/21,37,13:36,Sunday,ISLINGTON STATION,Operations - Operator,20,40,S,8048
27376,9/5/21,112,17:42,Sunday,KIPLING STATION,Operations - Operator,20,40,N,7959
27816,9/9/21,42,20:18,Thursday,DYNAMIC AND MCNICOLL,Operations - Operator,15,30,W,3114
28036,9/11/21,24,19:31,Saturday,VICTORIA PARK STATION,Operations - Operator,9,18,S,8602
28112,9/12/21,37,18:48,Sunday,ISLINGTON STATION,Operations - Operator,25,50,N,7954
28644,9/17/21,108,09:23,Friday,SHEPPARD WEST STATION,Operations - Operator,20,40,nan,8894
29852,9/27/21,36,15:23,Monday,HUMBERWOOD LOOP,Operations - Operator,6,12,W,8898
29912,9/28/21,960,02:16,Tuesday,FINCH AND YONGE,Operations - Operator,4,7,E,8911
30281,9/30/21,121,17:51,Thursday,FRONT AND BAY,Operations - Operator,30,30,nan,0
30302,9/30/21,85,21:50,Thursday,SHEPPARD AND MARKHAM,Operations - Operator,21,35,E,3445
30303,9/30/21,85,21:50,Thursday,SHEPPARD AND MARKHAM,Operations - Operator,21,35,E,3445
30468,10/2/21,53,11:19,Saturday,YONGE AND DREWRY,Mechanical,20,40,W,3169
31934,10/14/21,110,15:57,Thursday,ISLINGTON STATION,Operations - Operator,12,24,S,8454
32587,10/20/21,9,09:03,Wednesday,WARDEN STATION,Operations - Operator,27,44,nan,8929
33001,10/23/21,11,21:07,Saturday,DAVISVILLE STATION,Operations - Operator,24,48,N,8863
33532,10/27/21,86,15:09,Wednesday,HIGHLAND CREEK OVERPAS,Operations - Operator,15,30,nan,0
33682,10/28/21,101,11:34,Thursday,SHEPPARD WEST STATION,Mechanical,20,40,W,8359
34369,11/7/21,11,17:35,Sunday,DAVISVILLE STATION,Operations - Operator,30,60,N,8782
34736,11/11/21,85,14:08,Thursday,DON MILLS STATION,Operations - Operator,21,42,S,1217
35417,11/17/21,52,10:31,Wednesday,LAWRENCE AND RALPH,Operations - Operator,20,40,nan,3565
35689,11/18/21,106,18:53,Thursday,UNKNOWN,Operations - Operator,11,22,nan,0
35733,11/19/21,953,07:25,Friday,MORNINGSIDE AND FINCH,Mechanical,14,28,E,9101
35765,11/19/21,107,12:00,Friday,UNKNOWN,Operations - Operator,10,20,nan,8314
36072,11/22/21,68,07:13,Monday,WARDEN AND HYMUS,Operations - Operator,39,78,S,3265
36091,11/22/21,52,11:29,Monday,LAWRENCE AND AVENUE,Mechanical,20,40,W,3539
37042,12/1/21,123,12:55,Wednesday,KIPLING STATION,Operations - Operator,21,42,N,8078
37293,12/3/21,24,14:10,Friday,VICTORIA PARK STATION,Operations - Operator,10,20,nan,8417
37601,12/6/21,985,17:02,Monday,SCARBOROUGH CENTRE STA,Utilized Off Route,10,20,nan,9069
37791,12/8/21,86,08:08,Wednesday,EGLINTON AND DANFORTH,General Delay,20,40,E,1222
39250,12/18/21,90,17:42,Saturday,WILSON GARAGE,Operations - Operator,8,16,nan,8342
39348,12/19/21,63,15:20,Sunday,EGLINTON WEST STATION,Operations - Operator,7,14,S,8317
39458,12/20/21,53,13:22,Monday,STEELES AND MIDLAND,Operations - Operator,6,12,W,3329
39927,12/22/21,54,18:51,Wednesday,LAWRENCE AND WARDEN,Operations - Operator,11,22,nan,8743
40142,12/23/21,25,15:44,Thursday,PAPE STATION,Mechanical,6,12,S,8682
40980,12/28/21,996,14:42,Tuesday,LAWRENCE AND JANE,Operations - Operator,12,24,nan,3542
41098,12/29/21,320,02:06,Wednesday,YONGE AND QUEENS QUAY,Operations - Operator,3,7,N,0
41220,12/29/21,108,13:25,Wednesday,SHEPPARD WEST STATION,Operations - Operator,20,40,nan,8890
41318,12/29/21,160,16:24,Wednesday,WILSON STATION,Operations - Operator,24,48,nan,8373
41835,12/31/21,54,06:04,Friday,STARSPRAY LOOP,Operations - Operator,10,20,nan,0
41873,12/31/21,41,08:58,Friday,KEELE AND LAWRENCE,Mechanical,10,19,S,9055
42039,12/31/21,905,14:38,Friday,ELLESMERE AND MORISH,Operations - Operator,8,16,E,8542
42142,12/31/21,63,16:24,Friday,EGLINTON WEST STATION,Operations - Operator,8,18,S,8393
42201,12/31/21,102,18:23,Friday,MARKHAM AND PROGRESS,Operations - Operator,7,15,E,3413
42329,1/1/22,116,12:18,Saturday,KENNEDY STATION,Operations - Operator,6,13,E,1217
42345,1/1/22,89,13:15,Saturday,KEELE STATION,Operations - Operator,10,20,N,8163
42485,1/2/22,52,15:48,Sunday,LAWRENCE AND JANE,Operations - Operator,16,32,W,3600
43156,1/5/22,7,09:36,Wednesday,BATHURST AND WILSON,Operations - Operator,10,20,S,8330
43225,1/5/22,60,14:22,Wednesday,PIONEER VILLAGE STATIO,Operations - Operator,15,30,E,8116
43328,1/5/22,29,19:25,Wednesday,DUFFERIN AND LAWRENCE,Operations - Operator,8,16,N,9024
43465,1/6/22,73,13:44,Thursday,ROYAL YORK STATION,Operations - Operator,20,40,N,7922
43467,1/6/22,108,13:45,Thursday,SHEPPARD WEST STATION,Operations - Operator,20,40,N,3584
43839,1/7/22,7,16:45,Friday,BATHURST AND LAWRENCE,Operations - Operator,10,20,N,9007
43956,1/8/22,37,08:34,Saturday,HUMBERWOOD LOOP,Operations - Operator,18,36,S,0
44329,1/10/22,43,15:29,Monday,KENNEDY STATION,Operations - Operator,15,30,N,3325
44331,1/10/22,39,15:31,Monday,FINCH STATION,Operations - Operator,5,10,E,3158
44397,1/10/22,47,20:08,Monday,YORKDALE STATION,Operations - Operator,10,20,S,8117
44579,1/11/22,36,14:55,Tuesday,FINCH WEST STATION,Operations - Operator,5,10,nan,3621
44969,1/13/22,104,16:50,Thursday,WILSON STATION,Operations - Operator,18,36,nan,8392
45185,1/14/22,96,21:01,Friday,WILSON AND FAYWOOD,Mechanical,19,38,W,3589
45329,1/15/22,29,15:13,Saturday,DUFFERIN AND HOLMESDAL,Mechanical,3,6,S,9055
45348,1/15/22,7,17:37,Saturday,BATHURST AND WILSON,Operations - Operator,7,15,W,9019
46767,1/22/22,106,19:23,Saturday,SHEPPARD WEST STATION,Operations - Operator,13,26,N,8327
47072,1/24/22,953,17:00,Monday,ENTIRE ROUTE,General Delay,6,12,nan,0
47126,1/25/22,7,05:07,Tuesday,WILSON GARAGE,Operations - Operator,29,10,nan,0
47134,1/25/22,106,05:58,Tuesday,SHEPPARD WEST STATION,Operations - Operator,10,18,nan,0
47136,1/25/22,989,06:04,Tuesday,WILSON GARAGE,Operations - Operator,15,29,nan,0
47982,1/30/22,41,22:14,Sunday,PIONEER VILLAGE STATIO,Mechanical,22,44,S,1056
48252,2/1/22,924,18:53,Tuesday,VICTORIA PARK AND SHEP,Cleaning - Unsanitary,9,19,N,8524
48307,2/2/22,107,06:50,Wednesday,SHEPPARD WEST STATION,Operations - Operator,10,20,nan,0
48500,2/3/22,937,05:50,Thursday,ISLINGTON STATION,Operations - Operator,12,24,N,0
49367,2/9/22,67,14:15,Wednesday,EGLINTON GARAGE,Operations - Operator,12,22,S,8624
49448,2/10/22,37,06:02,Thursday,EVANS AND THE EAST MAL,Mechanical,20,40,E,7918
49641,2/11/22,10,15:54,Friday,CLIPPER AND PLEASANT V,Diversion,0,0,N,3133
49972,2/13/22,75,23:33,Sunday,ROSEDALE STATION,Cleaning - Unsanitary,30,60,E,9213
50754,2/18/22,945,16:19,Friday,KIPLING AND ALBION,Mechanical,10,19,S,3746
50858,2/19/22,925,11:24,Saturday,PAPE AND COSBURN,Operations - Operator,9,18,N,8964
50925,2/19/22,69,17:33,Saturday,KIPLING STATION,Mechanical,10,20,S,1106
51067,2/20/22,63,18:30,Sunday,OSSINGTON AND DUPONT,Mechanical,8,16,W,8115
51216,2/22/22,54,14:45,Tuesday,EGLINTON STATION,Operations - Operator,6,12,E,0
51225,2/22/22,79,15:23,Tuesday,PINE AND LAWRENCE,Mechanical,24,48,nan,1136
51658,2/25/22,134,12:50,Friday,SCARBOROUGH CENTRE STA,Operations - Operator,16,32,N,1366
51665,2/25/22,59,13:17,Friday,LAWRENCE WEST STATION,Mechanical,45,90,E,8170
51680,2/25/22,47,14:13,Friday,WILSON GARAGE,Operations - Operator,6,11,nan,8306
52127,3/1/22,39,05:56,Tuesday,FINCH AND GORDON BAKER,Operations - Operator,5,10,nan,0
52200,3/1/22,36,19:01,Tuesday,FINCH AND SENTINEL,Mechanical,6,12,E,9128
52346,3/3/22,16,06:58,Thursday,WARDEN STATION,Mechanical,10,19,E,9211
52615,3/5/22,127,13:12,Saturday,SPADINA STATION,Operations - Operator,23,45,W,1116
52845,3/7/22,84,11:31,Monday,WESTON AND BRADSTOCK,Mechanical,8,16,E,3561
52942,3/7/22,60,21:37,Monday,PIONEER VILLAGE STATIO,Mechanical,10,20,E,8390
53013,3/8/22,925,16:36,Tuesday,PAPE STATION,Operations - Operator,10,19,N,8775
53898,3/16/22,300,05:01,Wednesday,THE EAST MALL AND BURN,Mechanical,17,34,S,1095
54005,3/16/22,95,15:47,Wednesday,ELLESMERE AND VICTORIA,Operations - Operator,11,22,E,1324
54085,3/17/22,60,05:43,Thursday,WILSON GARAGE,Operations - Operator,11,21,nan,0
54262,3/18/22,76,04:54,Friday,ROYAL YORK AND EVANS,Operations - Operator,15,31,S,0
54657,3/20/22,22,18:56,Sunday,BINGHAM LOOP,Mechanical,10,20,N,8570
55572,3/28/22,39,07:55,Monday,FINCH STATION,Operations - Operator,15,30,E,3263
55588,3/28/22,35,11:01,Monday,JANE AND TRETHEWEY,Mechanical,8,16,S,1004
55690,3/29/22,90,05:35,Tuesday,ST CLAIR WEST STATION,Operations - Operator,8,18,nan,0
55841,3/29/22,35,00:35,Tuesday,JANE AND SHOREHAM,Mechanical,9,19,N,1126
55860,3/30/22,13,06:38,Wednesday,EGLINTON STATION,Operations - Operator,20,40,nan,0
55863,3/30/22,63,06:53,Wednesday,EGLINTON WEST STATION,Operations - Operator,10,19,nan,0
55917,3/30/22,25,13:21,Wednesday,PAPE STATION,Operations - Operator,10,20,S,8705
55967,3/30/22,7,19:57,Wednesday,BATHURST STATION,Utilized Off Route,10,20,S,8165
55978,3/30/22,47,22:24,Wednesday,LANSDOWNE AND QUEEN,Utilized Off Route,20,40,N,8218
56001,3/30/22,87,23:45,Wednesday,MAIN STREET STATION,Utilized Off Route,11,22,N,8485
56187,4/1/22,36,06:24,Friday,HUMBERWOOD LOOP,Operations - Operator,4,9,nan,0
56188,4/1/22,36,06:24,Friday,HUMBERWOOD LOOP,Operations - Operator,4,9,nan,0
56190,4/1/22,939,06:27,Friday,MORNINGSIDE AND NIGHTS,Operations - Operator,7,15,W,0
56462,4/3/22,7,09:56,Sunday,BATHURST AND WILSON,Operations - Operator,9,19,S,8391
56538,4/4/22,989,06:04,Monday,SIGNET AND STEELES,Operations - Operator,15,29,nan,0
56811,4/6/22,47,05:55,Wednesday,YORKDALE STATION,Operations - Operator,9,19,nan,0
56987,4/7/22,125,08:09,Thursday,FINCH STATION,Operations - Operator,8,16,nan,0
57125,4/8/22,124,06:54,Friday,FINCH STATION,Operations - Operator,8,15,nan,0
57556,4/12/22,90,05:35,Tuesday,ST CLAIR WEST STATION,Operations - Operator,8,18,nan,0
57561,4/12/22,98,05:55,Tuesday,GOULDING AND CACTUS,Operations - Operator,20,40,nan,0
57566,4/12/22,89,06:19,Tuesday,ALBION AND WESTON,Operations - Operator,8,16,nan,0
57570,4/12/22,13,06:38,Tuesday,EGLINTON STATION,Operations - Operator,20,40,nan,0
57898,4/14/22,13,06:38,Thursday,EGLINTON STATION,Operations - Operator,20,40,nan,0
57902,4/14/22,989,06:48,Thursday,SIGNET AND STEELES,Operations - Operator,14,29,nan,0
57921,4/14/22,34,09:00,Thursday,KENNEDY STATION,Mechanical,7,14,E,8860
57958,4/14/22,100,12:51,Thursday,BROADVIEW STATION,Operations - Operator,9,18,W,8755
58501,4/19/22,989,05:38,Tuesday,KEELE STATION,Operations - Operator,24,24,nan,0
58584,4/19/22,34,16:02,Tuesday,KENNEDY STATION,Operations - Operator,11,22,E,8722
58737,4/20/22,925,16:27,Wednesday,DON MILLS STATION,Operations - Operator,10,21,S,8685
58801,4/21/22,43,05:01,Thursday,KENNEDY AND PASSMORE,Operations - Operator,10,10,S,3212
58822,4/21/22,989,06:48,Thursday,SIGNET AND STEELES,Operations - Operator,14,29,nan,0
58935,4/22/22,960,05:34,Friday,DUFFERIN AND STEELES,Operations - Operator,7,10,nan,0
58949,4/22/22,989,06:04,Friday,SIGNET HILL AND STEELE,Operations - Operator,14,29,nan,0
58986,4/22/22,52,13:20,Friday,LAWRENCE WEST STATION,Operations - Operator,20,40,E,3483
59122,4/23/22,25,13:43,Saturday,PAPE STATION,Operations - Operator,7,14,S,8852
59200,4/24/22,320,02:29,Sunday,YONGE AND STEELES,Operations - Operator,3,7,S,0
59382,4/25/22,929,14:38,Monday,WILSON STATION,Mechanical,9,19,S,9151
59475,4/26/22,47,05:46,Tuesday,EARLS COURT LOOP,Operations - Operator,10,20,nan,0
59482,4/26/22,89,06:19,Tuesday,ALBION AND WESTON,Operations - Operator,8,16,nan,0
59487,4/26/22,13,06:38,Tuesday,EGLINTON STATION,Operations - Operator,20,40,nan,0
59493,4/26/22,960,07:05,Tuesday,SIGNAL HILL AND STEELE,Operations - Operator,6,12,nan,0
59568,4/26/22,94,17:16,Tuesday,CASTLE FRANK STATION,Operations - Operator,8,17,W,8486
59588,4/26/22,85,20:44,Tuesday,MEADOWVALE LOOP,Operations - Operator,16,22,W,3460
59742,4/27/22,70,18:51,Wednesday,ST CLAIR AND GLENBURN,Utilized Off Route,13,26,W,8447
59850,4/28/22,74,14:12,Thursday,EGLINTON YARD,Operations - Operator,20,40,nan,0
59951,4/29/22,47,05:25,Friday,YORKDALE STATION,Operations - Operator,10,20,nan,0
59955,4/29/22,47,05:35,Friday,YORKDALE STATION,Operations - Operator,10,20,nan,0
59997,4/29/22,36,10:09,Friday,HUMBERWOOD LOOP,Operations - Operator,5,10,nan,0
60252,4/30/22,24,18:20,Saturday,VICTORIA PARK STATION,Operations - Operator,8,15,N,8561
60255,4/30/22,94,18:31,Saturday,CASTLE FRANK STATION,Operations - Operator,8,16,E,8456
60344,5/1/22,960,18:19,Sunday,STEELES AND ALNESS,Operations - Operator,8,16,E,8161
60393,5/2/22,106,05:56,Monday,PIONEER VILLAGE STATIO,Operations - Operator,10,22,nan,0
60402,5/2/22,63,06:22,Monday,CANNIFF AND STRACHAN,Operations - Operator,10,18,nan,0
60419,5/2/22,7,08:18,Monday,BATHURST AND FISHERVIL,Operations - Operator,10,20,S,9009
60607,5/3/22,996,07:30,Tuesday,WILSON STATION,Operations - Operator,10,20,nan,0
60653,5/3/22,75,13:54,Tuesday,SHERBOURNE AND BLOOR,Operations - Operator,7,15,N,8541
60833,5/4/22,47,13:58,Wednesday,LANSDOWNE AND QUEEN,Operations - Operator,18,36,N,8136
61395,5/7/22,42,17:41,Saturday,MCNICOLL AND KENNEDY,Operations - Operator,10,20,W,3168
61671,5/9/22,63,20:56,Monday,EGLINTON WEST STATION,Operations - Operator,9,18,S,8327
61769,5/10/22,63,14:25,Tuesday,WILSON GARAGE,Operations - Operator,6,8,nan,8210
61991,5/11/22,96,18:52,Wednesday,WILSON AND JANE,Operations - Operator,9,18,W,3586
62277,5/13/22,97,13:22,Friday,YORK MILLS AND YONGE,Operations - Operator,60,120,S,8169
62600,5/15/22,23,12:20,Sunday,MAIN STREET STATION,Mechanical,10,20,E,8435
62615,5/15/22,7,15:08,Sunday,BATHURST STATION,Mechanical,8,15,S,8326
62633,5/15/22,39,16:53,Sunday,FINCH AND WARDEN,Mechanical,15,30,W,3157
62659,5/15/22,84,19:31,Sunday,SHEPPARD AND JANE,Operations - Operator,9,18,W,8943
62702,5/16/22,108,06:46,Monday,PIONEER VILLAGE STATIO,Operations - Operator,9,18,nan,0
62876,5/17/22,39,10:23,Tuesday,FINCH AND BALDOON,General Delay,30,60,E,3276
62903,5/17/22,59,14:27,Tuesday,LAWRENCE WEST STATION,Operations - Operator,20,40,E,8203
63982,5/26/22,985,06:42,Thursday,SCARBOROUGH CENTRE STA,Mechanical,8,20,N,9069
64145,5/27/22,984,08:09,Friday,WESTON AND BRADSTOCK,Mechanical,9,19,W,3583
64152,5/27/22,36,09:17,Friday,FINCH WEST STATION,Operations - Operator,5,10,W,3628
64166,5/27/22,902,10:46,Friday,ST CLAIR AND MIDLAND,Operations - Operator,15,30,S,3439
64258,5/27/22,102,20:26,Friday,KENNEDY STATION,General Delay,9,15,N,3438
64932,6/2/22,86,12:30,Thursday,MEADOWVALE AND EUCLID,Mechanical,12,24,S,1555
65157,6/3/22,118,17:49,Friday,WILSON STATION,Mechanical,30,60,E,8374
65491,6/6/22,32,07:30,Monday,EGLINTON AND SCOTT,Mechanical,12,24,E,1078
65518,6/6/22,101,11:56,Monday,SHEPPARD WEST STATION,Mechanical,20,40,nan,8340
65564,6/6/22,36.0,16:06,Monday,FINCH AND WESTON,Operations - Operator,6,12,E,3584
65566,6/6/22,984.0,16:15,Monday,BRADSTOCK AND WESTON,Mechanical,9,18,E,3523
65599,6/6/22,36.0,19:16,Monday,FINCH AND ALBION,Operations - Operator,6,12,E,9111
65744,6/7/22,133.0,16:54,Tuesday,MORNINGSIDE AND FINCH,Operations - Operator,8,15,S,1328
65752,6/7/22,108.0,17:26,Tuesday,SHEPPARD WEST STATION,Operations - Operator,17,34,E,3504
66110,6/10/22,54.0,05:30,Friday,EGLINTON STATION,Mechanical,15,30,N,8681
66164,6/10/22,36.0,13:55,Friday,FINCH WEST STATION,Operations - Operator,5,10,N,8943
66184,6/10/22,954.0,15:10,Friday,LAWRENCE AND STARSPRAY,Operations - Operator,12,24,W,0
66576,6/13/22,45.0,04:14,Monday,STEELES AND KIPLING LO,Operations - Operator,12,24,nan,0
66833,6/14/22,45.0,15:15,Tuesday,KIPLING STATION,Operations - Operator,16,26,N,1118
66937,6/15/22,161.0,08:09,Wednesday,OSSINGTON STATION,Operations - Operator,12,24,nan,0
67053,6/15/22,35.0,19:56,Wednesday,JANE AND TRETHEWEY,Operations - Operator,9,18,S,1054
67181,6/16/22,97.0,15:00,Thursday,DAVISVILLE STATION,Operations - Operator,30,60,N,8113
67903,6/20/22,63.0,14:56,Monday,EGLINTON WEST STATION,Operations - Operator,4,8,nan,8127
68262,6/22/22,116.0,14:09,Wednesday,MORNINGSIDE AND LAWREN,Mechanical,9,18,E,1312
68685,6/24/22,937.0,18:18,Friday,STEELES AND ISLINGTON,Mechanical,14,28,S,7963
68997,6/27/22,54.0,17:09,Monday,BRIMORTON AND ORTON PA,Operations - Operator,6,11,E,8772
69017,6/27/22,110.0,19:53,Monday,ISLINGTON AND BIRMINGH,Cleaning - Unsanitary,24,48,N,8020
69068,6/28/22,120.0,07:30,Tuesday,SHEPPARD AND ARLETA,Mechanical,30,60,E,3637
69085,6/28/22,81.0,09:34,Tuesday,PAPE AND RIVERCOURT,Operations - Operator,10,20,N,8764
69242,6/29/22,36.0,06:20,Wednesday,HUMBERWOOD LOOP,Operations - Operator,5,9,nan,0
69467,6/30/22,35.0,10:18,Thursday,JANE AND TRETHEWEY,Operations - Operator,9,18,S,1037
69561,6/30/22,95.0,17:22,Thursday,YORK MILLS AND DON MIL,Mechanical,11,22,W,3650
69588,6/30/22,41.0,18:42,Thursday,KEELE AND LAWRENCE,Cleaning - Unsanitary,8,16,N,1349
70266,7/5/22,52.0,16:17,Tuesday,PEARSON AIRPORT,Operations - Operator,17,27,W,8889
70336,7/6/22,165.0,05:19,Wednesday,WILSON STATION,Operations - Operator,15,15,E,3722
70508,7/7/22,34.0,02:40,Thursday,KENNEDY STATION,Operations - Operator,30,60,E,8793
70614,7/7/22,984.0,15:24,Thursday,SHEPPARD WEST STATION,Mechanical,9,18,W,3531
70712,7/8/22,985.0,06:30,Friday,DON MILLS STATION,Operations - Operator,9,21,nan,0
70749,7/8/22,29.0,10:23,Friday,MOUNT DENNIS GARAGE,Operations - Operator,6,12,E,9048
70837,7/8/22,25.0,15:38,Friday,PAPE STATION,Operations - Operator,6,15,N,0
70838,7/8/22,25.0,15:38,Friday,PAPE STATION,Operations - Operator,6,15,N,0
70870,7/8/22,24.0,17:23,Friday,VICTORIA PARK STATION,Operations - Operator,8,16,S,8521
70969,7/9/22,39.0,11:36,Saturday,FINCH AND BIRCHMOUNT,Operations - Operator,9,18,E,3203
71451,7/12/22,43.0,08:49,Tuesday,KENNEDY STATION,Operations - Operator,10,20,N,3213
71452,7/12/22,43.0,08:49,Tuesday,KENNEDY STATION,Operations - Operator,10,20,N,3213
71508,7/12/22,25.0,14:05,Tuesday,PAPE STATION,Operations - Operator,10,20,N,8777
71509,7/12/22,25.0,14:05,Tuesday,PAPE STATION,Operations - Operator,10,20,N,8777
71549,7/12/22,105.0,16:42,Tuesday,SHEPPARD WEST STATION,Mechanical,12,24,N,8150
71672,7/13/22,68.0,12:42,Wednesday,WARDEN AND MCNICOLL,Operations - Operator,11,22,N,3239
71679,7/13/22,70.0,13:12,Wednesday,COXWELL STATION,Operations - Operator,22,44,E,9208
71685,7/13/22,57.0,13:33,Wednesday,MIDLAND AND STEELES,Operations - Operator,15,30,N,3306
71716,7/13/22,29.0,15:11,Wednesday,DUFFERIN AND LAWRENCE,Cleaning - Unsanitary,7,14,N,9050
71735,7/13/22,54.0,15:54,Wednesday,STARSPRAY LOOP,Operations - Operator,5,11,W,8755
71747,7/13/22,75.0,16:28,Wednesday,JARVIS AND QUEENS QUAY,Operations - Operator,7,14,N,8609
71776,7/13/22,100.0,18:27,Wednesday,BROADVIEW STATION,Operations - Operator,9,18,N,8831
71862,7/14/22,34.0,10:11,Thursday,EGLINTON AND WYNFORD,Operations - Operator,15,30,W,8846
71886,7/14/22,72.0,11:58,Thursday,PAPE STATION,Operations - Operator,22,44,S,8415
71896,7/14/22,24.0,13:12,Thursday,VICTORIA PARK AND CONR,Operations - Operator,10,20,N,8548
71965,7/14/22,81.0,17:20,Thursday,THORNCLIFFE PARK,Operations - Operator,7,14,S,3759
72090,7/15/22,902.0,09:24,Friday,MARKHAM AND LAWRENCE,Mechanical,15,30,N,3478
72118,7/15/22,8.0,14:00,Friday,ENTIRE ROUTE,General Delay,15,30,nan,0
72225,7/15/22,42.0,21:25,Friday,FINCH STATION,Operations - Operator,18,46,W,3261
72264,7/16/22,98.0,06:45,Saturday,YONGE AND SHEPPARD,Operations - Operator,30,60,W,8313
72291,7/16/22,84.0,09:40,Saturday,SHEPPARD AND JANE,Operations - Operator,10,20,W,3614
72346,7/16/22,47.0,13:46,Saturday,YORKDALE STATION,Operations - Operator,17,34,S,8175
72642,7/18/22,24.0,12:22,Monday,VICTORIA PARK STATION,Operations - Operator,10,20,N,8593
72654,7/18/22,39.0,13:09,Monday,FINCH AND KENNEDY,Operations - Operator,18,36,E,3271
72672,7/18/22,960.0,14:08,Monday,STEELES AND NEW WESTMI,Operations - Operator,11,22,W,8367
72948,7/19/22,75.0,14:12,Tuesday,SHERBOURNE STATION,Operations - Operator,9,18,N,8454
72968,7/19/22,49.0,15:17,Tuesday,KIPLING STATION,Mechanical,17,34,E,7978
72988,7/19/22,13.0,16:05,Tuesday,EGLINTON STATION,Operations - Operator,30,60,S,8208
72993,7/19/22,935.0,16:20,Tuesday,PIONEER VILLAGE STATIO,Mechanical,12,24,N,1055
73183,7/20/22,72.0,13:51,Wednesday,PAPE STATION,Operations - Operator,22,44,S,8585
73384,7/21/22,63.0,09:49,Thursday,EGLINTON WEST STN,Operations - Operator,10,20,S,8373
73416,7/21/22,85.0,13:20,Thursday,MEADOWVALE LOOP,Operations - Operator,7,15,E,3451
73424,7/21/22,54.0,13:32,Thursday,LAWRENCE AND WARDEN,Operations - Operator,10,20,W,8808
73506,7/21/22,29.0,17:36,Thursday,WILSON STATION,Mechanical,8,16,S,9037
73680,7/22/22,123.0,12:55,Friday,KIPLING STATION,Operations - Operator,21,42,S,8052
73762,7/22/22,1.0,16:00,Friday,SHEPPARD AND BIRCHMOUN,General Delay,20,0,nan,0
73813,7/22/22,95.0,18:51,Friday,ELLESMERE AND MARKHAM,Operations - Operator,11,22,E,3462
74110,7/24/22,985.0,18:28,Sunday,DON MILLS STATION,Utilized Off Route,15,30,E,9077
74323,7/25/22,52.0,17:19,Monday,LAWRENCE STATION,Operations - Operator,17,25,W,8896
74406,7/26/22,36.0,07:27,Tuesday,JANE AND FINCH,Utilized Off Route,18,36,W,8897
74499,7/26/22,24.0,13:21,Tuesday,WOODBINE AND MERRILL,Utilized Off Route,10,20,S,8609
74509,7/26/22,63.0,13:56,Tuesday,EGLINTON WEST STATION,Operations - Operator,8,16,N,8389
74554,7/26/22,47.0,15:48,Tuesday,YORKDALE STATION,Operations - Operator,20,40,S,8330
74557,7/26/22,32.0,15:57,Tuesday,PIONEER VILLAGE STATIO,Operations - Operator,10,20,S,0
74565,7/26/22,939.0,16:15,Tuesday,DUFFERIN AND GLENCAIRN,Operations - Operator,8,16,N,9037
74723,7/27/22,37.0,11:01,Wednesday,ISLINGTON STATION,Operations - Operator,25,50,W,8068
74828,7/27/22,46.0,16:35,Wednesday,KIPLING STATION,Utilized Off Route,11,22,W,3334
74840,7/27/22,172.0,16:56,Wednesday,FRONT AND BAY,Operations - Operator,30,60,E,8731
74841,7/27/22,172.0,16:56,Wednesday,FRONT AND BAY,Operations - Operator,30,60,E,8731
75007,7/28/22,35.0,13:04,Thursday,JANE AND TRETHEWEY,Operations - Operator,8,16,S,1043
75092,7/28/22,929.0,17:13,Thursday,MT DENNIS GARAGE,Operations - Operator,10,20,nan,9045
75096,7/28/22,53.0,17:17,Thursday,FINCH STATION,Operations - Operator,6,12,E,3278
75148,7/28/22,32.0,21:35,Thursday,EGLINTON STATION,Mechanical,13,26,E,1088
75254,7/29/22,71.0,12:25,Friday,RUNNYMEDE AND GLENWOOD,Operations - Operator,12,24,N,3360
